"POP_ID","Species","streamName","Latitude","Longitude","avgSpawners","nYears","quality","X1950","X1951","X1952","X1953","X1954","X1955","X1956","X1957","X1958","X1959","X1960","X1961","X1962","X1963","X1964","X1965","X1966","X1967","X1968","X1969","X1970","X1971","X1972","X1973","X1974","X1975","X1976","X1977","X1978","X1979","X1980","X1981","X1982","X1983","X1984","X1985","X1986","X1987","X1988","X1989","X1990","X1991","X1992","X1993","X1994","X1995","X1996","X1997","X1998","X1999","X2000","X2001","X2002","X2003","X2004","X2005","X2006","X2007","X2008","X2009","X2010","X2011","X2012","X2013","X2014","X2015","X2016","X2017","X2018","X2019"
45157,"Pink","Nakina River",58.90428766,-133.1458912,7726.15384615385,13,NA,NA,NA,NA,NA,NA,NA,NA,NA,NA,NA,NA,NA,NA,NA,NA,NA,NA,NA,NA,NA,NA,NA,NA,NA,NA,NA,NA,NA,NA,NA,NA,NA,NA,NA,3414,45111,274,30332,347,4496,346,1337,NA,3,9433,NA,113,234,5000,NA,NA,NA,NA,NA,NA,NA,NA,NA,NA,NA,NA,NA,NA,NA,NA,NA,NA,NA,NA,NA
45140,"Coho","Bronson Creek",56.6830666,-131.0695234,81,2,NA,NA,NA,NA,NA,NA,NA,NA,NA,NA,NA,NA,NA,NA,NA,NA,NA,NA,NA,NA,NA,NA,NA,NA,NA,NA,NA,NA,NA,NA,NA,NA,NA,NA,NA,42,NA,NA,NA,120,NA,NA,NA,NA,NA,NA,NA,NA,NA,NA,NA,NA,NA,NA,NA,NA,NA,NA,NA,NA,NA,NA,NA,NA,NA,NA,NA,NA,NA,NA,NA
45493,"Coho","Christina Creek",57.24130661,-131.8530702,27.5,2,NA,NA,NA,NA,NA,NA,NA,NA,NA,NA,NA,NA,NA,NA,NA,NA,NA,NA,NA,NA,NA,NA,NA,NA,NA,NA,NA,NA,NA,NA,NA,NA,NA,NA,NA,NA,NA,NA,NA,0,55,NA,NA,NA,NA,NA,NA,NA,NA,NA,NA,NA,NA,NA,NA,NA,NA,NA,NA,NA,NA,NA,NA,NA,NA,NA,NA,NA,NA,NA,NA
45138,"Coho","Craig River",56.69594601,-131.3067439,660.962962962963,27,4,NA,NA,NA,NA,NA,NA,NA,NA,NA,NA,NA,NA,NA,NA,NA,NA,NA,NA,NA,NA,NA,NA,NA,NA,NA,NA,NA,NA,NA,NA,NA,NA,NA,NA,0,735,NA,NA,NA,992,810,985,949,NA,1026,1419,205,19,141,NA,NA,NA,4488,NA,19,444,675,567,535,475,31,459,NA,675,212,608,10,570,736,61
45488,"Coho","Katete River",56.66608323,-131.8159447,697.461538461538,26,4,NA,NA,NA,NA,NA,NA,NA,NA,NA,NA,NA,NA,NA,NA,NA,NA,NA,NA,NA,NA,NA,NA,NA,NA,NA,NA,NA,NA,NA,NA,NA,NA,NA,NA,313,1217,NA,NA,227,896,548,878,1346,NA,652,208,232,0,63,NA,NA,NA,3448,NA,840,1495,893,256,NA,910,274,870,NA,640,262,183,NA,784,648,51
45491,"Coho","Porcupine River",57.06458095,-131.7451645,482.034482758621,29,4,NA,NA,NA,NA,NA,NA,NA,NA,NA,NA,NA,NA,NA,NA,NA,NA,NA,NA,NA,NA,NA,NA,NA,NA,NA,NA,NA,NA,NA,NA,NA,NA,NA,NA,NA,365,NA,NA,53,90,430,352,316,324,1105,719,1466,648,450,NA,NA,NA,1626,NA,1009,689,147,341,25,617,953,468,336,53,509,263,40,77,460,48
45496,"Coho","Scud River",57.28013729,-131.8231643,302.103448275862,29,4,NA,NA,NA,NA,NA,NA,NA,NA,NA,NA,NA,NA,NA,NA,NA,NA,NA,NA,NA,NA,NA,NA,NA,NA,NA,NA,NA,NA,NA,NA,NA,NA,NA,NA,NA,924,NA,NA,97,707,664,221,462,206,448,621,630,272,143,NA,NA,NA,1389,NA,173,218,95,153,86,16,130,437,3,23,138,61,90,36,128,190
45142,"Coho","Verrett River",56.69779686,-130.9972443,356.285714285714,28,4,NA,NA,NA,NA,NA,NA,NA,NA,NA,NA,NA,NA,NA,NA,NA,NA,NA,NA,NA,NA,NA,NA,NA,NA,NA,NA,NA,NA,NA,NA,NA,NA,NA,NA,15,39,NA,NA,175,848,494,218,320,NA,466,574,549,116,282,NA,NA,NA,1695,NA,959,353,403,240,501,257,363,309,NA,249,74,66,152,189,22,48
44651,"Coho","West Katete River",56.63627003,-131.843732,184.5,12,NA,NA,NA,NA,NA,NA,NA,NA,NA,NA,NA,NA,NA,NA,NA,NA,NA,NA,NA,NA,NA,NA,NA,NA,NA,NA,NA,NA,NA,NA,NA,NA,NA,NA,NA,147,590,NA,NA,32,336,94,302,295,NA,28,211,163,2,14,NA,NA,NA,NA,NA,NA,NA,NA,NA,NA,NA,NA,NA,NA,NA,NA,NA,NA,NA,NA,NA
45166,"Coho","Dudidontu River",58.78941351,-131.9852257,224.833333333333,6,NA,NA,NA,NA,NA,NA,NA,NA,NA,NA,NA,NA,NA,NA,NA,NA,NA,NA,NA,NA,NA,NA,NA,NA,NA,NA,NA,NA,NA,NA,NA,NA,NA,NA,NA,NA,NA,108,276,367,115,25,458,NA,NA,NA,NA,NA,NA,NA,NA,NA,NA,NA,NA,NA,NA,NA,NA,NA,NA,NA,NA,NA,NA,NA,NA,NA,NA,NA,NA
45150,"Coho","Flannigan Slough",58.60894184,-133.566643,1064.76923076923,13,NA,NA,NA,NA,NA,NA,NA,NA,NA,NA,NA,NA,NA,NA,NA,NA,NA,NA,NA,NA,NA,NA,NA,NA,NA,NA,NA,NA,NA,NA,NA,NA,NA,NA,NA,1480,2320,1095,2100,1308,1670,414,1348,1288,70,50,421,278,NA,NA,NA,NA,NA,NA,NA,NA,NA,NA,NA,NA,NA,NA,NA,NA,NA,NA,NA,NA,NA,NA,NA
45170,"Coho","Hackett River",58.26374657,-131.8121262,1682.25,4,NA,NA,NA,NA,NA,NA,NA,NA,NA,NA,NA,NA,NA,NA,NA,NA,NA,NA,NA,NA,NA,NA,NA,NA,NA,NA,NA,NA,NA,NA,NA,NA,NA,NA,NA,NA,1031,2723,1715,1260,NA,NA,NA,NA,NA,NA,NA,NA,NA,NA,NA,NA,NA,NA,NA,NA,NA,NA,NA,NA,NA,NA,NA,NA,NA,NA,NA,NA,NA,NA,NA
45161,"Coho","Little Trapper Lake",58.49610145,-132.6049502,10243,2,NA,NA,NA,NA,NA,NA,NA,NA,NA,7402,NA,NA,NA,NA,NA,NA,NA,NA,NA,NA,NA,NA,NA,NA,NA,NA,NA,NA,NA,NA,NA,NA,NA,NA,NA,NA,13084,NA,NA,NA,NA,NA,NA,NA,NA,NA,NA,NA,NA,NA,NA,NA,NA,NA,NA,NA,NA,NA,NA,NA,NA,NA,NA,NA,NA,NA,NA,NA,NA,NA,NA
45163,"Coho","Nahlin River",58.77672495,-132.0933965,544.090909090909,11,NA,NA,NA,NA,NA,NA,NA,NA,NA,NA,NA,NA,NA,NA,NA,NA,NA,NA,NA,NA,NA,NA,NA,NA,NA,NA,NA,NA,NA,NA,NA,NA,NA,NA,NA,NA,NA,318,165,1322,322,256,176,970,326,2112,14,4,NA,NA,NA,NA,NA,NA,NA,NA,NA,NA,NA,NA,NA,NA,NA,NA,NA,NA,NA,NA,NA,NA,NA
45149,"Coho","Taku River",58.58141871,-133.6555912,97128.7878787879,33,2,NA,NA,NA,NA,NA,NA,NA,NA,NA,NA,NA,NA,NA,NA,NA,NA,NA,NA,NA,NA,NA,NA,NA,NA,NA,NA,NA,NA,NA,NA,NA,NA,NA,NA,NA,NA,NA,61976,43093,60841,75881,132923,89270,123964,111036,69448,49687,35035,66472,66343,70147,107493,223162,186755,139011,143817,134053,82319,99199,113716,141238,83349,84847,78492,140739,70361,99224,65670,60678,95011
45152,"Coho","Tatsamenie River",58.4400493,-132.3948794,411,12,NA,NA,NA,NA,NA,NA,NA,NA,NA,NA,NA,NA,NA,NA,NA,NA,NA,NA,NA,NA,NA,NA,NA,NA,NA,NA,NA,NA,NA,NA,NA,NA,NA,NA,NA,NA,201,344,173,663,712,669,1101,730,88,168,62,21,NA,NA,NA,NA,NA,NA,NA,NA,NA,NA,NA,NA,NA,NA,NA,NA,NA,NA,NA,NA,NA,NA,NA
45154,"Coho","Tatsatua River",58.53473781,-132.1429556,410.142857142857,7,NA,NA,NA,NA,NA,NA,NA,NA,NA,NA,NA,NA,NA,NA,NA,NA,NA,NA,NA,NA,NA,NA,NA,NA,NA,NA,NA,NA,NA,NA,NA,NA,NA,NA,NA,NA,106,80,58,643,694,529,761,NA,NA,NA,NA,NA,NA,NA,NA,NA,NA,NA,NA,NA,NA,NA,NA,NA,NA,NA,NA,NA,NA,NA,NA,NA,NA,NA,NA
44856,"Coho","Klukshu River",60.11586335,-137.0362158,1848.33333333333,42,1,NA,NA,NA,NA,NA,NA,NA,NA,NA,NA,NA,NA,NA,NA,NA,NA,NA,NA,NA,NA,NA,NA,NA,NA,NA,NA,1572,2758,30,175,704,1170,189,303,1402,350,71,202,2774,2219,315,8478,1145,788,1232,3564,3465,302,1961,NA,NA,748,9921,3689,750,683,420,300,4275,424,2365,2119,1272,7322,341,1810,2141,966,728,2187
45146,"Chinook","Beatty Creek",58.10228969,-131.1907665,244.347826086957,23,4,NA,NA,NA,NA,NA,NA,NA,NA,NA,NA,NA,NA,NA,NA,NA,NA,NA,NA,NA,NA,NA,NA,NA,NA,NA,NA,NA,NA,NA,NA,122,558,567,83,126,147,183,312,593,362,271,193,362,757,184,152,218,218,125,NA,NA,NA,NA,NA,NA,NA,NA,NA,NA,NA,NA,NA,NA,NA,15,30,25,NA,17,NA
45494,"Chinook","Christina Creek",57.24130661,-131.8530702,275,1,NA,NA,NA,NA,NA,NA,NA,NA,NA,NA,NA,NA,NA,NA,NA,NA,NA,NA,NA,NA,NA,NA,NA,NA,NA,NA,275,NA,NA,NA,NA,NA,NA,NA,NA,NA,NA,NA,NA,NA,NA,NA,NA,NA,NA,NA,NA,NA,NA,NA,NA,NA,NA,NA,NA,NA,NA,NA,NA,NA,NA,NA,NA,NA,NA,NA,NA,NA,NA,NA,NA
45147,"Chinook","Little Tahltan River",58.12105429,-131.3202863,4185.125,40,1,NA,NA,NA,NA,NA,NA,NA,NA,NA,NA,NA,NA,NA,NA,NA,NA,NA,NA,NA,NA,NA,NA,NA,NA,NA,NA,NA,NA,NA,1166,2137,3334,2830,594,1294,3430,3463,5148,7619,4914,4809,4819,6758,11509,6508,3207,4843,5611,4916,4940,6739,9970,7972,6760,16631,7484,3945,574,2802,2344,1278,1252,771,1061,209,920,1239,739,866,NA
45145,"Chinook","Tahltan River",58.00994991,-130.9812919,1371.65,20,4,NA,NA,NA,NA,NA,NA,NA,NA,NA,NA,NA,NA,NA,NA,NA,NA,NA,NA,NA,NA,NA,NA,NA,NA,NA,NA,NA,NA,NA,2118,960,1852,1690,453,NA,1490,1400,1390,4384,NA,2134,2445,1891,2249,NA,696,772,260,587,NA,NA,NA,NA,NA,NA,NA,NA,NA,NA,NA,NA,NA,NA,NA,514,53,95,NA,NA,NA
45136,"Chinook","Iskut River",56.74862595,-131.7831705,290,1,NA,NA,NA,NA,NA,NA,NA,NA,NA,NA,NA,NA,NA,NA,NA,NA,NA,NA,NA,NA,NA,NA,NA,NA,NA,NA,NA,NA,290,NA,NA,NA,NA,NA,NA,NA,NA,NA,NA,NA,NA,NA,NA,NA,NA,NA,NA,NA,NA,NA,NA,NA,NA,NA,NA,NA,NA,NA,NA,NA,NA,NA,NA,NA,NA,NA,NA,NA,NA,NA,NA
45489,"Chinook","Katete River",56.66608323,-131.8159447,1775.22222222222,18,NA,NA,NA,NA,NA,NA,NA,NA,NA,NA,NA,NA,NA,NA,NA,NA,NA,NA,NA,NA,NA,NA,NA,NA,NA,NA,NA,NA,NA,NA,2118,1960,1852,1690,453,NA,1490,1400,1390,4384,NA,2134,2445,1891,4010,2422,696,772,260,587,NA,NA,NA,NA,NA,NA,NA,NA,NA,NA,NA,NA,NA,NA,NA,NA,NA,NA,NA,NA,NA
3341,"Chinook","Stikine River",56.65763571,-131.8489365,30404.4347826087,23,2,NA,NA,NA,NA,NA,NA,NA,NA,NA,NA,NA,NA,NA,NA,NA,NA,NA,NA,NA,NA,NA,NA,NA,NA,NA,NA,NA,NA,NA,NA,NA,NA,NA,NA,NA,NA,NA,NA,NA,NA,NA,NA,NA,NA,NA,NA,31718,31509,28133,23716,30301,66646,53983,43022,52538,63373,40181,25069,26284,15118,18312,17652,27542,20154,27701,25855,13789,7938,8768,NA
45167,"Chinook","Dudidontu River",58.78941351,-131.9852257,489.3125,32,4,NA,NA,NA,NA,NA,NA,NA,NA,NA,NA,NA,NA,NA,NA,NA,NA,NA,NA,NA,NA,NA,NA,NA,NA,NA,15,40,18,NA,9,158,74,130,117,NA,475,413,287,243,204,820,804,768,1020,573,731,1810,943,807,527,482,479,834,644,1036,318,395,4,480,NA,NA,NA,NA,NA,NA,NA,NA,NA,NA,NA
45165,"Chinook","Nahlin River",58.77672495,-132.0933965,532,1,NA,NA,NA,NA,NA,NA,NA,NA,NA,NA,NA,NA,NA,NA,NA,NA,NA,NA,NA,NA,NA,NA,NA,NA,NA,NA,NA,NA,NA,NA,NA,NA,NA,NA,NA,NA,NA,NA,NA,NA,NA,NA,NA,NA,NA,NA,NA,NA,NA,NA,532,NA,NA,NA,NA,NA,NA,NA,NA,NA,NA,NA,NA,NA,NA,NA,NA,NA,NA,NA,NA
45164,"Chinook","Nahlin River",58.77672495,-132.0933965,1483.42424242424,33,4,NA,NA,NA,NA,NA,NA,NA,NA,NA,NA,NA,NA,NA,NA,NA,NA,NA,NA,NA,NA,NA,NA,NA,NA,NA,274,725,650,624,857,1531,2945,1246,391,951,2236,1612,1122,1535,1812,1658,1781,1821,2128,2418,2069,5415,3655,1260,NA,728,938,1099,861,1787,471,955,277,1121,NA,NA,NA,NA,NA,NA,NA,NA,NA,NA,NA
45168,"Chinook","Tseta Creek",58.90605923,-131.9436671,349.448275862069,29,4,NA,NA,NA,NA,NA,NA,NA,NA,NA,NA,NA,NA,NA,NA,NA,NA,NA,NA,NA,NA,NA,NA,NA,NA,NA,NA,NA,NA,21,NA,NA,258,228,179,176,303,193,180,66,494,172,224,313,491,614,786,1201,648,360,221,160,202,192,436,906,215,199,199,497,NA,NA,NA,NA,NA,NA,NA,NA,NA,NA,NA
45158,"Chinook","Nakina River",58.90428766,-133.1458912,3517.9375,32,4,NA,NA,NA,NA,NA,NA,NA,NA,NA,NA,NA,NA,NA,NA,NA,NA,NA,NA,NA,NA,NA,NA,NA,NA,NA,1800,3000,3850,1620,2110,4500,5110,2533,968,1887,2647,3868,2906,4500,5141,7917,5610,5750,6490,4792,3943,7720,NA,2720,1900,2907,1552,4066,2126,4091,1213,1900,NA,1437,NA,NA,NA,NA,NA,NA,NA,NA,NA,NA,NA
45171,"Chinook","Hackett River",58.26374657,-131.8121262,539,5,NA,NA,NA,NA,NA,NA,NA,NA,NA,NA,NA,NA,NA,NA,NA,NA,NA,NA,NA,NA,NA,NA,NA,NA,NA,NA,NA,NA,NA,NA,NA,NA,NA,NA,NA,NA,434,643,82,1021,515,NA,NA,NA,NA,NA,NA,NA,NA,NA,NA,NA,NA,NA,NA,NA,NA,NA,NA,NA,NA,NA,NA,NA,NA,NA,NA,NA,NA,NA,NA
45159,"Chinook","Kowatua River",58.7716407,-132.2657128,693.393939393939,33,4,NA,NA,NA,NA,NA,NA,NA,NA,NA,NA,NA,NA,NA,NA,NA,NA,NA,NA,NA,NA,NA,NA,NA,NA,NA,NA,341,580,490,430,450,560,289,171,279,699,548,570,1010,601,614,570,782,1584,410,550,1620,1360,473,561,702,1050,945,850,828,833,1180,262,690,NA,NA,NA,NA,NA,NA,NA,NA,NA,NA,NA
3340,"Chinook","Taku River",58.58141871,-133.6555912,49055.3333333333,6,2,NA,NA,NA,NA,NA,NA,NA,NA,NA,NA,NA,NA,NA,NA,NA,NA,NA,NA,NA,NA,NA,NA,NA,NA,NA,NA,NA,NA,NA,NA,NA,NA,NA,NA,NA,NA,NA,NA,NA,NA,NA,NA,NA,NA,NA,NA,NA,NA,NA,NA,NA,NA,40114,40114,99973,46315,50525,17291,NA,NA,NA,NA,NA,NA,NA,NA,NA,NA,NA,NA
45155,"Chinook","Tatsatua River",58.53473781,-132.1429556,934.212121212121,33,4,NA,NA,NA,NA,NA,NA,NA,NA,NA,NA,NA,NA,NA,NA,NA,NA,NA,NA,NA,NA,NA,NA,NA,NA,NA,NA,620,573,550,750,905,839,387,236,616,848,886,678,1272,1228,1068,1164,1624,1491,1106,678,2011,1148,675,431,953,1024,1145,1000,1396,1146,908,390,1083,NA,NA,NA,NA,NA,NA,NA,NA,NA,NA,NA
3338,"Chinook","Alsek River",59.4439652,-137.9907846,8644.33333333333,9,2,NA,NA,NA,NA,NA,NA,NA,NA,NA,NA,NA,NA,NA,NA,NA,NA,NA,NA,NA,NA,NA,NA,NA,NA,NA,NA,NA,NA,NA,NA,NA,NA,NA,NA,NA,NA,NA,NA,NA,NA,NA,NA,NA,NA,NA,NA,NA,15250,4967,11969,8432,11246,8807,5105,7565,4458,NA,NA,NA,NA,NA,NA,NA,NA,NA,NA,NA,NA,NA,NA
44859,"Chinook","Blanchard River",60.03214868,-136.8935638,245.130434782609,23,4,NA,NA,NA,NA,NA,NA,NA,NA,NA,NA,NA,NA,NA,NA,NA,NA,NA,NA,NA,NA,NA,NA,NA,NA,NA,NA,NA,NA,NA,NA,NA,NA,NA,NA,304,232,556,624,437,NA,NA,121,86,326,349,338,132,109,71,371,163,543,351,127,84,112,98,39,65,NA,NA,NA,NA,NA,NA,NA,NA,NA,NA,NA
44860,"Chinook","Goat Creek",59.85175486,-136.645447,45.9411764705882,17,4,NA,NA,NA,NA,NA,NA,NA,NA,NA,NA,NA,NA,NA,NA,NA,NA,NA,NA,NA,NA,NA,NA,NA,NA,NA,NA,NA,NA,NA,NA,NA,NA,NA,NA,28,NA,142,85,54,34,32,63,16,50,67,5,12,NA,39,51,NA,NA,86,10,NA,7,NA,NA,NA,NA,NA,NA,NA,NA,NA,NA,NA,NA,NA,NA
44857,"Chinook","Klukshu River",60.11586335,-137.0362158,1906.41860465116,43,1,NA,NA,NA,NA,NA,NA,NA,NA,NA,NA,NA,NA,NA,NA,NA,NA,NA,NA,NA,NA,NA,NA,NA,NA,NA,NA,1153,2894,2676,2454,2487,1963,1969,2237,1572,1283,2607,2491,1994,2289,1742,2248,1242,3220,3628,5394,3382,2829,1347,2168,NA,1825,2240,1737,2525,1070,568,677,466,1571,2356,1670,693,1261,841,1432,651,448,1087,1589
44858,"Chinook","Takhanne River",60.09442906,-136.9919185,201.55,20,4,NA,NA,NA,NA,NA,NA,NA,NA,NA,NA,NA,NA,NA,NA,NA,NA,NA,NA,NA,NA,NA,NA,NA,NA,NA,NA,NA,NA,NA,NA,NA,NA,NA,NA,158,184,358,395,169,158,325,86,77,351,342,260,230,190,136,194,NA,NA,220,105,46,47,NA,NA,NA,NA,NA,NA,NA,NA,NA,NA,NA,NA,NA,NA
45492,"Sockeye","Christina Creek",57.24130661,-131.8530702,33.5555555555556,9,NA,NA,NA,NA,NA,NA,NA,NA,NA,NA,NA,NA,NA,NA,NA,NA,NA,NA,NA,NA,NA,NA,NA,NA,NA,NA,NA,NA,NA,NA,NA,NA,NA,NA,NA,130,67,0,6,7,10,4,NA,50,28,NA,NA,NA,NA,NA,NA,NA,NA,NA,NA,NA,NA,NA,NA,NA,NA,NA,NA,NA,NA,NA,NA,NA,NA,NA,NA
45144,"Sockeye","Tahltan River",58.00994991,-130.9812919,25196.5333333333,60,1.10526315789474,NA,NA,NA,NA,NA,NA,NA,NA,NA,4311,6387,16619,14508,1780,18353,1471,21580,38801,19726,11805,8419,18523,52545,2877,8101,8159,24111,42960,22788,10211,11018,50790,28257,21256,32777,67326,20280,6958,2536,8316,14927,50135,59907,53362,46363,42317,52500,12483,12658,10748,6076,14811,17740,53933,63372,43446,53855,21074,10516,30673,22860,34588,13687,15828,40145,33159,38631,19241,19208,NA
45143,"Sockeye","Chutine River",57.65300133,-131.6324045,121.166666666667,30,4,NA,NA,NA,NA,NA,NA,NA,NA,NA,NA,NA,NA,NA,NA,NA,NA,NA,NA,NA,NA,NA,NA,NA,NA,NA,NA,NA,NA,NA,NA,NA,NA,NA,NA,526,253,139,6,14,29,24,0,164,57,267,13,134,204,230,56,NA,NA,239,240,245,66,276,0,83,51,103,NA,NA,2,52,NA,2,141,19,NA
44575,"Sockeye","Kuthai Lake",59.23088759,-133.2336383,3046.72,25,1,NA,NA,NA,NA,NA,NA,NA,NA,NA,NA,NA,NA,NA,NA,NA,NA,NA,NA,NA,NA,NA,NA,NA,NA,NA,NA,NA,NA,NA,NA,1658,2299,NA,NA,NA,NA,NA,NA,NA,NA,NA,NA,1457,6312,5427,3310,4243,5746,1934,10042,4096,1663,7697,7769,1578,6004,1015,204,NA,NA,NA,NA,182,1195,208,341,1476,299,13,NA
45160,"Sockeye","Little Trapper Lake",58.49610145,-132.6049502,11227,33,1,NA,NA,NA,NA,NA,NA,NA,NA,NA,NA,NA,NA,NA,NA,NA,NA,NA,NA,NA,NA,NA,NA,NA,NA,NA,NA,NA,NA,NA,NA,NA,NA,NA,14889,13820,12007,10637,9606,9443,22942,14372,17432,13438,11524,5483,5924,8717,11801,725,NA,NA,16860,11484,31227,9613,16009,25265,7153,NA,5552,3372,3809,10015,4840,6707,13253,7771,6552,8249,NA
45151,"Sockeye","Tatsamenie River",58.4400493,-132.3948794,9333.20689655172,29,1,NA,NA,NA,NA,NA,NA,NA,NA,NA,NA,NA,NA,NA,NA,NA,NA,NA,NA,NA,NA,NA,NA,NA,NA,NA,NA,NA,NA,NA,NA,NA,NA,NA,NA,NA,13093,11446,2794,2063,3039,5736,8381,6576,5028,4371,8000,10381,8363,7496,NA,7575,22575,5495,4515,1951,3372,22475,11187,NA,NA,NA,NA,15605,10246,2106,1537,32934,27237,5086,NA
44855,"Sockeye","Klukshu River",60.11586335,-137.0362158,14699.4,40,1,NA,NA,NA,NA,NA,NA,NA,NA,NA,NA,NA,NA,NA,NA,NA,NA,NA,NA,NA,NA,NA,NA,NA,NA,NA,NA,7941,15441,19017,7051,10850,18448,28899,18017,10227,17259,22936,9346,7737,21636,24607,17645,18269,14921,13892,19817,7891,11303,13580,5101,NA,10290,25711,34362,15348,3373,13455,NA,NA,NA,18960,21389,17694,3902,12384,11588,7584,3889,7143,19073
44862,"Sockeye","Nesketahin Lake",60.17402558,-137.0754633,968.666666666667,3,NA,NA,NA,NA,NA,NA,NA,NA,NA,NA,NA,NA,NA,NA,NA,NA,NA,NA,NA,NA,NA,NA,NA,NA,NA,NA,NA,NA,NA,NA,NA,NA,NA,NA,NA,750,NA,NA,NA,456,1700,NA,NA,NA,NA,NA,NA,NA,NA,NA,NA,NA,NA,NA,NA,NA,NA,NA,NA,NA,NA,NA,NA,NA,NA,NA,NA,NA,NA,NA,NA
45139,"Sockeye","Bronson Creek",56.6830666,-131.0695234,32.4444444444444,18,4,NA,NA,NA,NA,NA,NA,NA,NA,NA,NA,NA,NA,NA,NA,NA,NA,NA,NA,NA,NA,NA,NA,NA,NA,NA,NA,NA,NA,NA,NA,NA,NA,NA,NA,NA,NA,NA,NA,NA,60,0,32,138,79,62,72,27,12,9,54,NA,NA,13,0,0,23,0,3,0,NA,NA,NA,NA,NA,NA,NA,NA,NA,NA,NA
45137,"Sockeye","Craig River",56.69594601,-131.3067439,24.5,10,NA,NA,NA,NA,NA,NA,NA,NA,NA,NA,NA,NA,NA,NA,NA,NA,NA,NA,NA,NA,NA,NA,NA,NA,NA,NA,NA,NA,NA,NA,NA,NA,NA,NA,NA,102,27,0,30,0,60,0,7,17,2,NA,NA,NA,NA,NA,NA,NA,NA,NA,NA,NA,NA,NA,NA,NA,NA,NA,NA,NA,NA,NA,NA,NA,NA,NA,NA
45169,"Sockeye","Hackett River",58.26374657,-131.8121262,1184.75,4,NA,NA,NA,NA,NA,NA,NA,NA,NA,NA,NA,NA,NA,NA,NA,NA,NA,NA,NA,NA,NA,NA,NA,NA,NA,NA,NA,NA,NA,NA,NA,NA,NA,NA,NA,NA,2309,1004,910,516,NA,NA,NA,NA,NA,NA,NA,NA,NA,NA,NA,NA,NA,NA,NA,NA,NA,NA,NA,NA,NA,NA,NA,NA,NA,NA,NA,NA,NA,NA,NA
45162,"Sockeye","Nahlin River",58.77672495,-132.0933965,1641.22222222222,9,NA,NA,NA,NA,NA,NA,NA,NA,NA,NA,NA,NA,NA,NA,NA,NA,NA,NA,NA,NA,NA,NA,NA,NA,NA,NA,NA,NA,NA,NA,NA,NA,NA,NA,NA,NA,NA,NA,NA,138,NA,2515,NA,297,2461,960,3710,2488,1857,345,NA,NA,NA,NA,NA,NA,NA,NA,NA,NA,NA,NA,NA,NA,NA,NA,NA,NA,NA,NA,NA
45156,"Sockeye","Nakina River",58.90428766,-133.1458912,423,12,7,NA,NA,NA,NA,NA,NA,NA,NA,NA,NA,NA,NA,NA,NA,NA,NA,NA,NA,NA,NA,NA,NA,NA,NA,NA,NA,NA,NA,NA,NA,NA,NA,NA,NA,NA,812,704,337,499,1108,778,520,NA,15,141,98,17,NA,NA,NA,NA,NA,NA,NA,NA,NA,47,NA,NA,NA,NA,NA,NA,NA,NA,NA,NA,NA,NA,NA
45490,"Sockeye","Porcupine River",57.06458095,-131.7451645,66.03125,32,4,NA,NA,NA,NA,NA,NA,NA,NA,NA,NA,NA,NA,NA,NA,NA,NA,NA,NA,NA,NA,NA,NA,NA,NA,NA,NA,NA,NA,NA,NA,NA,NA,NA,NA,69,69,6,62,22,133,31,61,90,141,66,11,149,25,89,64,NA,NA,95,239,56,111,59,34,33,0,187,NA,15,151,22,NA,6,13,4,0
45495,"Sockeye","Scud River",57.28013729,-131.8231643,245.741935483871,31,4,NA,NA,NA,NA,NA,NA,NA,NA,NA,NA,NA,NA,NA,NA,NA,NA,NA,NA,NA,NA,NA,NA,NA,NA,NA,NA,NA,NA,NA,NA,NA,NA,NA,NA,769,282,151,490,219,269,301,100,1242,321,292,260,351,271,246,301,NA,NA,216,76,262,124,288,17,41,45,300,NA,0,22,332,NA,16,5,9,NA
45487,"Sockeye","Stikine River",56.65763571,-131.8489365,77018.0512820513,39,2.27777777777778,NA,NA,NA,NA,NA,NA,NA,NA,NA,NA,NA,NA,NA,NA,NA,NA,NA,NA,NA,NA,NA,NA,NA,NA,NA,NA,NA,NA,NA,16608,30806,61072,19964,29307,38107,90617,30910,21023,22841,45099,22495,44879,65393,71792,34636,42850,45852,37436,19175,6384,53145,103755,68635,198575,183762,167570,194019,110132,74267,111780,116354,139541,95840,84380,122759,142334,164451,75159,NA,NA
45148,"Sockeye","Taku River",58.58141871,-133.6555912,113901.869565217,23,2,NA,NA,NA,NA,NA,NA,NA,NA,NA,NA,NA,NA,NA,NA,NA,NA,NA,NA,NA,NA,NA,NA,NA,NA,NA,NA,NA,NA,NA,NA,NA,NA,NA,NA,113962,109563,100106,82136,79674,95263,96099,129493,137514,108625,102579,113739,92626,71086,74451,98107,NA,144286,135233,193390,127047,142155,167597,105012,NA,NA,NA,NA,NA,NA,NA,NA,NA,NA,NA,NA
45153,"Sockeye","Tatsatua River",58.53473781,-132.1429556,6536.57142857143,7,NA,NA,NA,NA,NA,NA,NA,NA,NA,NA,NA,NA,NA,NA,NA,NA,NA,NA,NA,NA,NA,NA,NA,NA,NA,NA,NA,NA,NA,NA,NA,NA,NA,NA,NA,NA,12700,11368,2649,2063,3039,5706,8231,NA,NA,NA,NA,NA,NA,NA,NA,NA,NA,NA,NA,NA,NA,NA,NA,NA,NA,NA,NA,NA,NA,NA,NA,NA,NA,NA,NA
45135,"Sockeye","Tuya River",58.04071524,-130.8513656,10046.125,8,7,NA,NA,NA,NA,NA,NA,NA,NA,NA,NA,NA,NA,NA,NA,NA,NA,NA,NA,NA,NA,NA,NA,NA,NA,NA,NA,NA,NA,NA,NA,NA,NA,NA,NA,NA,NA,NA,NA,NA,NA,NA,NA,NA,NA,NA,1104,10239,7919,8531,3411,NA,NA,NA,NA,NA,3325,27664,18176,NA,NA,NA,NA,NA,NA,NA,NA,NA,NA,NA,NA
45141,"Sockeye","Verrett River",56.69779686,-130.9972443,153.4,30,4,NA,NA,NA,NA,NA,NA,NA,NA,NA,NA,NA,NA,NA,NA,NA,NA,NA,NA,NA,NA,NA,NA,NA,NA,NA,NA,NA,NA,NA,NA,NA,NA,NA,NA,640,383,270,103,114,180,301,179,163,107,147,47,54,116,183,98,NA,NA,353,54,85,158,140,45,15,17,310,NA,NA,16,172,NA,46,57,49,NA
44650,"Sockeye","Verrett Sloughs",56.69486324,-130.980493,91.4761904761905,21,4,NA,NA,NA,NA,NA,NA,NA,NA,NA,NA,NA,NA,NA,NA,NA,NA,NA,NA,NA,NA,NA,NA,NA,NA,NA,NA,NA,NA,NA,NA,NA,NA,NA,NA,NA,NA,NA,NA,NA,68,82,8,22,142,114,31,338,32,135,78,NA,NA,NA,NA,NA,NA,180,21,231,0,217,NA,NA,94,67,NA,6,17,38,NA
3339,"Sockeye","Alsek River",59.4439652,-137.9907846,84374.75,4,2,NA,NA,NA,NA,NA,NA,NA,NA,NA,NA,NA,NA,NA,NA,NA,NA,NA,NA,NA,NA,NA,NA,NA,NA,NA,NA,NA,NA,NA,NA,NA,NA,NA,NA,NA,NA,NA,NA,NA,NA,NA,NA,NA,NA,NA,NA,NA,NA,NA,NA,NA,NA,95427,103507,83703,54862,NA,NA,NA,NA,NA,NA,NA,NA,NA,NA,NA,NA,NA,NA
44854,"Sockeye","Tatshenshini River",59.47055435,-137.7414747,756,4,NA,NA,NA,NA,NA,NA,NA,NA,NA,NA,NA,NA,NA,NA,NA,NA,NA,NA,NA,NA,NA,NA,NA,NA,NA,NA,NA,NA,NA,NA,NA,NA,NA,NA,NA,NA,NA,536,NA,433,1689,NA,NA,NA,NA,366,NA,NA,NA,NA,NA,NA,NA,NA,NA,NA,NA,NA,NA,NA,NA,NA,NA,NA,NA,NA,NA,NA,NA,NA,NA
44861,"Sockeye","Village Creek",60.12637275,-137.0778338,2982.14285714286,28,1,NA,NA,NA,NA,NA,NA,NA,NA,NA,NA,NA,NA,NA,NA,NA,NA,NA,NA,NA,NA,NA,NA,NA,NA,NA,NA,NA,NA,NA,NA,NA,NA,NA,NA,NA,NA,1490,1875,433,9569,7500,5670,11485,3135,4007,4041,1583,1900,826,NA,NA,NA,2765,4340,4256,1408,979,10254,NA,887,2305,355,1372,129,189,NA,410,240,97,NA
3444,"Sockeye","King Salmon Lake",58.71621714,-132.9435494,2627.13333333333,15,1.66666666666667,NA,NA,NA,NA,NA,NA,NA,NA,NA,NA,NA,NA,NA,NA,NA,NA,NA,NA,NA,NA,NA,NA,NA,NA,NA,NA,NA,NA,NA,NA,NA,NA,NA,NA,NA,NA,NA,NA,NA,NA,NA,NA,NA,NA,NA,NA,NA,NA,NA,NA,NA,NA,NA,2970,5005,1046,2177,NA,888,1100,2977,2899,6913,470,1061,1683,6404,439,3375,NA
